{
    "PhysicalTableMap": {
        "3ea2cf00-14b3-4895-a166-9f28f0b84918": {
            "CustomSql": {
                "DataSourceArn": "{self.data_source.arn}",
                "Name": "topic",
                "SqlQuery": "with feed AS \n    (SELECT DISTINCT\n        d.created_at,\n        d.id_str,\n        d.platform,\n        d.account_name,\n        d.source_file as source,\n        d.participantrole as name,\n        d.id as in_reply_to_screen_name\n    from socialmediadb.customingestion d\n    where d.created_at > current_timestamp - interval '45' day\n    union\n    SELECT DISTINCT tw.created_at AS created_at,\n         tw.id_str,\n         tw.platform,\n         tw.account_name,\n         tw.user.id_str AS source,\n         tw.user.name AS name,\n         tw.in_reply_to_screen_name\n    FROM socialmediadb.twfeedstorage tw\n    WHERE tw.created_at > current_timestamp - interval '45' day\n    UNION\n    SELECT DISTINCT rss.created_at,\n         rss.id_str,\n         rss.platform,\n         rss.account_name,\n         rss.entities.urls[1].expanded_url AS source,\n         rss.metadata.topic AS name,\n         rss.metadata.website\n    FROM socialmediadb.newsfeedstorage rss\n    WHERE rss.created_at > current_timestamp - interval '45' day\n        AND\n    cardinality(rss.entities.urls) > 0    UNION\n    SELECT DISTINCT y.created_at,\n         y.id_str,\n         y.platform,\n         y.account_name,\n         y.video_id AS source,\n         y.title,\n         y.parent_id\n    FROM socialmediadb.youtubecomments y\n    WHERE y.created_at > current_timestamp - interval '45' day\n  union\n    SELECT DISTINCT     \n        r.created_at,\n        r.id_str,\n        r.platform,\n        r.account_name,\n        r.link_url,\n        r.author_fullname,\n        r.subreddit\n    from socialmediadb.redditcomments r\n    WHERE r.created_at > current_timestamp - interval '45' day), sentiment AS \n    (SELECT DISTINCT sentiment,\n         created_at,\n         id_str,\n         text,\n         translated_text,\n         platform,\n         account_name\n    FROM socialmediadb.sentiment\n    WHERE created_at > current_timestamp - interval '45' day ), topicmappings AS \n    (SELECT DISTINCT platform,\n         job_id,\n         job_timestamp,\n         topic,\n         id_str\n    FROM socialmediadb.topicmappings\n    WHERE created_at > current_timestamp - interval '45' day ), topics AS \n    (SELECT DISTINCT topic,\n         job_timestamp,\n         job_id,\n         term\n    FROM socialmediadb.topics\n    WHERE created_at > current_timestamp - interval '45' day )\nSELECT DISTINCT s.platform,\n         s.account_name,\n         s.sentiment,\n         s.id_str,\n         s.text,\n         s.translated_text,\n         s.created_at,\n         tm.topic,\n         tm.job_timestamp,\n         tm.job_id,\n         t.term,\n         feed.source,\n         feed.name,\n         feed.in_reply_to_screen_name\nFROM sentiment s\nJOIN feed\n    ON (s.id_str = feed.id_str)\nJOIN topicmappings tm\n    ON (tm.id_str = s.id_str\n        AND tm.platform = s.platform)\nJOIN topics t\n    ON (t.topic = tm.topic\n        AND t.job_id = tm.job_id\n        AND t.job_timestamp = tm.job_timestamp)\nWHERE s.translated_text LIKE concat('%', t.term, '%')",
                "Columns": [
                    {
                        "Name": "platform",
                        "Type": "STRING"
                    },
                    {
                        "Name": "account_name",
                        "Type": "STRING"
                    },
                    {
                        "Name": "sentiment",
                        "Type": "STRING"
                    },
                    {
                        "Name": "id_str",
                        "Type": "STRING"
                    },
                    {
                        "Name": "text",
                        "Type": "STRING"
                    },
                    {
                        "Name": "translated_text",
                        "Type": "STRING"
                    },
                    {
                        "Name": "created_at",
                        "Type": "DATETIME"
                    },
                    {
                        "Name": "topic",
                        "Type": "STRING"
                    },
                    {
                        "Name": "job_timestamp",
                        "Type": "DATETIME"
                    },
                    {
                        "Name": "job_id",
                        "Type": "STRING"
                    },
                    {
                        "Name": "term",
                        "Type": "STRING"
                    },
                    {
                        "Name": "source",
                        "Type": "STRING"
                    },
                    {
                        "Name": "name",
                        "Type": "STRING"
                    },
                    {
                        "Name": "in_reply_to_screen_name",
                        "Type": "STRING"
                    }
                ]
            }
        }
    },
    "LogicalTableMap": {
        "3ea2cf00-14b3-4895-a166-9f28f0b84918": {
            "Alias": "topic",
            "DataTransforms": [
                {
                    "CreateColumnsOperation": {
                        "Columns": [
                            {
                                "ColumnName": "isTermPresent",
                                "ColumnId": "10c919e1-1b15-45fc-9b32-678de396f78f",
                                "Expression": "locate(toLower({translated_text}), {term})"
                            }
                        ]
                    }
                },
                {
                    "CreateColumnsOperation": {
                        "Columns": [
                            {
                                "ColumnName": "url_action",
                                "ColumnId": "befefdda-2e19-426c-a1b7-8a9a65a1df22",
                                "Expression": "ifelse({platform} = 'twitter', concat('twitter.com/anyuser/status/',{id_str}), ifelse({platform} = 'youtubecomments', concat('www.youtube.com/watch?v=', {source}), substring({source}, locate({source}, ':')+3, strlen({source})+1)))"
                            }
                        ]
                    }
                },
                {
                    "FilterOperation": {
                        "ConditionExpression": "{isTermPresent}>0.0"
                    }
                },
                {
                    "ProjectOperation": {
                        "ProjectedColumns": [
                            "platform",
                            "account_name",
                            "sentiment",
                            "id_str",
                            "text",
                            "translated_text",
                            "created_at",
                            "topic",
                            "job_timestamp",
                            "job_id",
                            "term",
                            "source",
                            "name",
                            "in_reply_to_screen_name",
                            "isTermPresent",
                            "url_action"
                        ]
                    }
                }
            ],
            "Source": {
                "PhysicalTableId": "3ea2cf00-14b3-4895-a166-9f28f0b84918"
            }
        }
    }
}