{
    "PhysicalTableMap": {
        "c77d50f5-e95f-4fb1-8f91-017b53f3ce52": {
            "CustomSql": {
                "DataSourceArn": "{self.data_source.arn}",
                "Name": "feed",
                "SqlQuery": "with feed as (\n    select distinct\n        d.created_at,\n        d.id_str,\n        d.platform,\n        d.account_name,\n        d.source_file as source,\n        d.participantrole as name,\n        d.id as in_reply_to_screen_name\n    from socialmediadb.customingestion d\n    where d.created_at > current_timestamp - interval '45' day\n    union\n    select \n        distinct\n        tw.created_at as created_at,\n        tw.id_str,\n        tw.platform,\n        tw.account_name,\n        tw.user.id_str as source,\n        tw.user.name as name,\n        tw.in_reply_to_screen_name\n    from socialmediadb.twfeedstorage tw\n    where tw.created_at > current_timestamp - interval '45' day    \n    union\n    select distinct\n        rss.created_at,\n        rss.id_str,\n        rss.platform,\n        rss.account_name,\n        rss.entities.urls[1].expanded_url as source,\n        rss.metadata.topic as name,\n        rss.metadata.website\n    from socialmediadb.newsfeedstorage rss\n    where rss.created_at > current_timestamp - interval '45' day\n        AND cardinality(rss.entities.urls) > 0    \n    union\n    select distinct\n        y.created_at,\n        y.id_str,\n        y.platform,\n        y.account_name,\n        y.video_id,\n        y.title,\n        y.parent_id\n    from socialmediadb.youtubecomments y\n    where y.created_at > current_timestamp - interval '45' day\n    union\n    select distinct\n        r.created_at,\n        r.id_str,\n        r.platform,\n        r.account_name,\n        r.link_url as source,\n        r.author_fullname,\n        r.subreddit\n    from socialmediadb.redditcomments r\n    where r.created_at > current_timestamp - interval '45' day\n), sentiment as (\n    select distinct\n        sentiment,\n        sentimentposscore,\n        sentimentnegscore,\n        sentimentmixscore,\n        sentimentneuscore,\n        created_at,\n        id_str,\n        text,\n        translated_text,\n        platform,\n        account_name\n    from socialmediadb.sentiment\n    where created_at > current_timestamp - interval '45' day\n), entity as (\n    select distinct\n        id_str,\n        entity_text,\n        entity_type,\n        platform,\n        account_name\n    from socialmediadb.entity\n    where created_at > current_timestamp - interval '45' day\n), phrase as (\n    select distinct\n        id_str,\n        phrase,\n        platform,\n        account_name\n    from socialmediadb.keyphrase\n    where created_at > current_timestamp - interval '45' day\n), tw as (\n    select distinct\n        id_str,\n        coordinates.coordinates[1] AS lon,\n        coordinates.coordinates[2] AS lat,\n        place.name AS place_name,\n        place.place_type,\n        place.country,\n        retweet_count,\n        quote_count,\n        favorite_count,\n        reply_count\n    from socialmediadb.twfeedstorage\n    where created_at > current_timestamp - interval '45' day\n) select distinct\n    feed.id_str,\n    feed.created_at,\n    feed.platform,\n    feed.account_name,\n    feed.source,\n    feed.name,\n    feed.in_reply_to_screen_name,\n    tw.lon,\n    tw.lat,\n    tw.place_name,\n    tw.place_type,\n    tw.country,\n    tw.retweet_count,\n    tw.quote_count,\n    tw.favorite_count,\n    tw.reply_count,\n    s.sentiment,\n    s.text,\n    s.translated_text,\n    s.sentimentposscore,\n    s.sentimentnegscore,\n    s.sentimentmixscore,\n    s.sentimentneuscore,\n    e.entity_text,\n    e.entity_type,\n    p.phrase\nfrom feed\njoin sentiment s\n    on (feed.id_str = s.id_str)\nleft join entity e\n    on (feed.id_str = e.id_str)\nleft join phrase p\n    on (feed.id_str = p.id_str)\nleft join tw\n    on (feed.id_str = tw.id_str)",
                "Columns": [
                    {
                        "Name": "id_str",
                        "Type": "STRING"
                    },
                    {
                        "Name": "created_at",
                        "Type": "DATETIME"
                    },
                    {
                        "Name": "platform",
                        "Type": "STRING"
                    },
                    {
                        "Name": "account_name",
                        "Type": "STRING"
                    },
                    {
                        "Name": "source",
                        "Type": "STRING"
                    },
                    {
                        "Name": "name",
                        "Type": "STRING"
                    },
                    {
                        "Name": "in_reply_to_screen_name",
                        "Type": "STRING"
                    },
                    {
                        "Name": "lon",
                        "Type": "DECIMAL"
                    },
                    {
                        "Name": "lat",
                        "Type": "DECIMAL"
                    },
                    {
                        "Name": "place_name",
                        "Type": "STRING"
                    },
                    {
                        "Name": "place_type",
                        "Type": "STRING"
                    },
                    {
                        "Name": "country",
                        "Type": "STRING"
                    },
                    {
                        "Name": "retweet_count",
                        "Type": "INTEGER"
                    },
                    {
                        "Name": "quote_count",
                        "Type": "INTEGER"
                    },
                    {
                        "Name": "favorite_count",
                        "Type": "INTEGER"
                    },
                    {
                        "Name": "reply_count",
                        "Type": "INTEGER"
                    },
                    {
                        "Name": "sentiment",
                        "Type": "STRING"
                    },
                    {
                        "Name": "text",
                        "Type": "STRING"
                    },
                    {
                        "Name": "translated_text",
                        "Type": "STRING"
                    },
                    {
                        "Name": "sentimentposscore",
                        "Type": "DECIMAL"
                    },
                    {
                        "Name": "sentimentnegscore",
                        "Type": "DECIMAL"
                    },
                    {
                        "Name": "sentimentmixscore",
                        "Type": "DECIMAL"
                    },
                    {
                        "Name": "sentimentneuscore",
                        "Type": "DECIMAL"
                    },
                    {
                        "Name": "entity_text",
                        "Type": "STRING"
                    },
                    {
                        "Name": "entity_type",
                        "Type": "STRING"
                    },
                    {
                        "Name": "phrase",
                        "Type": "STRING"
                    }
                ]
            }
        }
    },
    "LogicalTableMap": {
        "c77d50f5-e95f-4fb1-8f91-017b53f3ce52": {
            "Alias": "feed",
            "DataTransforms": [
                {
                    "TagColumnOperation": {
                        "ColumnName": "lon",
                        "Tags": [
                            {
                                "ColumnGeographicRole": "LONGITUDE"
                            }
                        ]
                    }
                },
                {
                    "TagColumnOperation": {
                        "ColumnName": "lat",
                        "Tags": [
                            {
                                "ColumnGeographicRole": "LATITUDE"
                            }
                        ]
                    }
                },
                {
                    "TagColumnOperation": {
                        "ColumnName": "place_name",
                        "Tags": [
                            {
                                "ColumnGeographicRole": "CITY"
                            }
                        ]
                    }
                },
                {
                    "TagColumnOperation": {
                        "ColumnName": "country",
                        "Tags": [
                            {
                                "ColumnGeographicRole": "COUNTRY"
                            }
                        ]
                    }
                },
                {
                    "CreateColumnsOperation": {
                        "Columns": [
                            {
                                "ColumnName": "url_action",
                                "ColumnId": "b63c3155-8701-479c-b83b-b769b92ce33b",
                                "Expression": "ifelse({platform} = 'twitter', concat('twitter.com/anyuser/status/',{id_str}), ifelse({platform} = 'youtubecomments', concat('www.youtube.com/watch?v=', {source}), substring({source}, locate({source}, ':')+3, strlen({source})+1)))"
                            }
                        ]
                    }
                },
                {
                    "CreateColumnsOperation": {
                        "Columns": [
                            {
                                "ColumnName": "is_verified_purchase",
                                "ColumnId": "278c78ef-925b-4e1c-9e8a-8eff23a6ceca",
                                "Expression": "ifelse(\n    {platform} = 'customingestion',\n    {in_reply_to_screen_name},\n    ''\n)"
                            }
                        ]
                    }
                },
                {
                    "ProjectOperation": {
                        "ProjectedColumns": [
                            "id_str",
                            "created_at",
                            "platform",
                            "account_name",
                            "source",
                            "name",
                            "in_reply_to_screen_name",
                            "lon",
                            "lat",
                            "place_name",
                            "place_type",
                            "country",
                            "retweet_count",
                            "quote_count",
                            "favorite_count",
                            "reply_count",
                            "sentiment",
                            "text",
                            "translated_text",
                            "sentimentposscore",
                            "sentimentnegscore",
                            "sentimentmixscore",
                            "sentimentneuscore",
                            "entity_text",
                            "entity_type",
                            "phrase",
                            "url_action",
                            "is_verified_purchase"
                        ]
                    }
                }
            ],
            "Source": {
                "PhysicalTableId": "c77d50f5-e95f-4fb1-8f91-017b53f3ce52"
            }
        }
    },
    "ColumnGroups": [
        {
            "GeoSpatialColumnGroup": {
                "Name": "geo-coord",
                "CountryCode": "US",
                "Columns": [
                    "lat",
                    "lon"
                ]
            }
        },
        {
            "GeoSpatialColumnGroup": {
                "Name": "country",
                "CountryCode": "US",
                "Columns": [
                    "country",
                    "place_name"
                ]
            }
        }
    ]
}