{
    "PhysicalTableMap": {
        "00325ad7-954a-4d4c-a2d8-bb64df29a0f6": {
            "CustomSql": {
                "DataSourceArn": "{self.data_source.arn}",
                "Name": "image-text",
                "SqlQuery": "with s as (\n    select distinct\n        id_str,\n        platform,\n        text,\n        translated_text,\n        sentiment,\n        created_at\n    from socialmediadb.sentiment\n    where created_at > current_timestamp - interval '45' day\n), img_s as (\n    select distinct\n        id_str,\n        text as img_text,\n        sentiment as img_sentiment,\n        image_url\n    from socialmediadb.txtinimgsentiment\n    where created_at > current_timestamp - interval '45' day\n), img_e as (\n    select distinct\n        id_str,\n        entity_text,\n        image_url\n    from socialmediadb.txtinimgentity\n    where created_at > current_timestamp - interval '45' day\n), img_p as (\n    select distinct\n        id_str,\n        phrase,\n        image_url\n    from socialmediadb.txtinimgkeyphrase\n    where created_at > current_timestamp - interval '45' day\n) select distinct\n    s.id_str,\n    s.platform,\n    s.text,\n    s.sentiment,\n    s.translated_text,\n    s.created_at,\n    img_s.image_url,\n    img_s.img_text,\n    img_s.img_sentiment,\n    img_e.entity_text as img_entity_text,\n    img_p.phrase as img_phrase\nfrom s\njoin img_s\n    on (s.id_str = img_s.id_str)\nleft join img_e\n    on (s.id_str = img_e.id_str)\nleft join img_p\n    on (s.id_str = img_p.id_str)",
                "Columns": [
                    {
                        "Name": "id_str",
                        "Type": "STRING"
                    },
                    {
                        "Name": "platform",
                        "Type": "STRING"
                    },
                    {
                        "Name": "text",
                        "Type": "STRING"
                    },
                    {
                        "Name": "sentiment",
                        "Type": "STRING"
                    },
                    {
                        "Name": "translated_text",
                        "Type": "STRING"
                    },
                    {
                        "Name": "created_at",
                        "Type": "DATETIME"
                    },
                    {
                        "Name": "image_url",
                        "Type": "STRING"
                    },
                    {
                        "Name": "img_text",
                        "Type": "STRING"
                    },
                    {
                        "Name": "img_sentiment",
                        "Type": "STRING"
                    },
                    {
                        "Name": "img_entity_text",
                        "Type": "STRING"
                    },
                    {
                        "Name": "img_phrase",
                        "Type": "STRING"
                    }
                ]
            }
        }
    },
    "LogicalTableMap": {
        "00325ad7-954a-4d4c-a2d8-bb64df29a0f6": {
            "Alias": "image-text",
            "DataTransforms": [
                {
                    "ProjectOperation": {
                        "ProjectedColumns": [
                            "id_str",
                            "platform",
                            "text",
                            "sentiment",
                            "translated_text",
                            "created_at",
                            "image_url",
                            "img_text",
                            "img_sentiment",
                            "img_entity_text",
                            "img_phrase"
                        ]
                    }
                }
            ],
            "Source": {
                "PhysicalTableId": "00325ad7-954a-4d4c-a2d8-bb64df29a0f6"
            }
        }
    }
}
