{
    "SourceEntity": {
        "SourceAnalysis": {
            "DataSetReferences": [
                {
                    "DataSetPlaceholder": "image-text",
                    "DataSetArn": "arn:{Aws.PARTITION}:quicksight:{Aws.REGION}:{Aws.ACCOUNT_ID}:dataset/image-text"
                },
                {
                    "DataSetPlaceholder": "image-moderation-label",
                    "DataSetArn": "arn:{Aws.PARTITION}:quicksight:{Aws.REGION}:{Aws.ACCOUNT_ID}:dataset/image-moderation-label"
                },
                {
                    "DataSetPlaceholder": "topic",
                    "DataSetArn": "arn:{Aws.PARTITION}:quicksight:{Aws.REGION}:{Aws.ACCOUNT_ID}:dataset/topic"
                },
                {
                    "DataSetPlaceholder": "geo",
                    "DataSetArn": "arn:{Aws.PARTITION}:quicksight:{Aws.REGION}:{Aws.ACCOUNT_ID}:dataset/geo"
                },
                {
                    "DataSetPlaceholder": "topic-mapping",
                    "DataSetArn": "arn:{Aws.PARTITION}:quicksight:{Aws.REGION}:{Aws.ACCOUNT_ID}:dataset/topic-mapping"
                },
                {
                    "DataSetPlaceholder": "feed",
                    "DataSetArn": "arn:aws:quicksight:{Aws.REGION}:{Aws.ACCOUNT_ID}:dataset/feed"
                }
            ],
            "Arn": "{self.source_template_arn}"
        }
    }
}